"First Name","Last Name","Age","Salary","Number of Children"
"Michael","Bennett","18","3482","0"
"Adele","Brooks","19","5116","0"
"Olivia","Sullivan","18","6543","4"
"Valeria","Carter","28","3973","0"
"Oscar","Howard","27","9207","5"
"James","Douglas","21","3127","2"
"Thomas","Chapman","24","2322","3"
"Kelvin","Craig","19","7412","5"
"Chester","Fowler","21","6731","4"
"Kevin","Owens","27","5151","1"
"Adrianna","Kelley","27","8663","5"
"Luke","Perkins","25","856","0"
"Amy","Stewart","28","5312","0"
"Victor","Ross","30","7635","0"
"Lilianna","Smith","28","844","2"
